CUSTOMER_ID,FIRST_NAME,LAST_NAME,PHONE,ADDRESS
1,Anatole,Olivo,2278586541,7 Gulseth Crossing
2,Max,De la Harpe,1823371195,7 Ronald Regan Trail
3,Torie,Privett,2149039365,65499 Fulton Hill
4,Heidi,Titley,6792163150,9 Ramsey Trail
5,Filbert,Armiger,9185441460,62 Farwell Trail
6,Harlan,Tarpey,3692921070,49 Fuller Park
7,Nicol,Vaissiere,6327850889,50 Mosinee Crossing
8,Alex,Sandro,2251513650,58697 Eastlawn Parkway
9,Alex,Sandro,6942663210,7485 Johnson Parkway
10,Tom,Guiton,7566209115,5 Marquette Parkway
11,Biddy,Jansie,8988130671,7638 6th Drive
12,Dory,Neno,5591902542,38111 3rd Drive
13,Rodrigo,Ellingham,3412451038,626 Butternut Crossing
14,Lindsay,Shoemark,9249022865,24228 Armistice Hill
15,Aurea,Whiteley,4891019248,243 Northport Circle
16,Pascal,Piens,4654853497,066 Drewry Park
17,Mirabella,Toone,7708131904,5702 Shasta Center
18,Jamaal,Boame,6494795163,45 Dapin Avenue
19,Teddie,Crummay,6432470052,0 Dayton Street
20,Ranee,Gumb,6148972689,226 Grasskamp Point
21,Grazia,Hilling,4031563889,4567 Hansons Circle
22,Lissie,Begbie,1804789726,663 Chinook Hill
23,Jordain,Harridge,9311752035,0 Eagan Circle
24,Tonnie,Simnell,7835129038,1 Pennsylvania Avenue
25,Henry,Sejudo,8869004518,18 Kedzie Pass
26,Guglielma,Acock,7476957467,61211 Straubel Street
27,Klarika,Bollis,8375436545,2594 Mitchell Trail
28,Edin,Pridding,8352195786,805 Orin Crossing
29,Beatriz,Myrkus,1544742692,93126 Moland Parkway
30,Tedi,Oliff,9877295537,8 Golf View Pass
31,Teddi,Ofer,8646581675,592 Anthes Hill
32,Alyda,Rizzolo,7319599264,133 Hanson Terrace
33,Debbi,Agiolfinger,3846430690,6859 Kensington Lane
34,Jesselyn,Frearson,5706616184,79252 Crest Line Place
35,Thea,Daborn,8636835424,41 Hoepker Center
36,Dianemarie,Bartolommeo,4751284269,855 Westerfield Court
37,Benedetta,McCullough,2854519566,5159 Coleman Parkway
38,Raul,Rames,6801464040,779 Sunnyside Alley
39,Cull,Allonby,1777660301,340 Haas Hill
40,Sheilah,Auchterlony,4242333589,988 Graceland Terrace
41,Dickie,Lilion,4912421267,8 Heath Center
42,Aleksandr,Heatley,5753851270,6 Cody Drive
43,Jenica,Willison,8481773668,4 Shopko Court
44,Ailsun,Buney,4712167159,748 Delaware Crossing
45,Olympia,Fontelles,8618747199,682 Evergreen Street
46,Malynda,Stainton,5067341484,1007 Gateway Center
47,Nikoletta,Anney,9222750972,1679 6th Drive
48,Dav,Meijer,2149989896,45 Red Cloud Court
49,Nalani,Schleswig-Holstein,4831975506,949 Tennyson Terrace
50,Fons,Croucher,2285351539,01 Everett Parkway
51,Broderick,Galler,1851005921,84556 La Follette Plaza
52,Wilbert,Slyne,6442301205,0 Johnson Parkway
53,Carree,Siberry,6893980587,90084 Delaware Street
54,Tiffanie,Lebond,3214387323,7026 Stuart Crossing
55,Lydon,Ondrasek,2968408232,68615 Esker Trail
56,Ingmar,Gunn,9566398263,2894 Ilene Trail
57,Kessia,Lannin,9252757157,04667 Forest Run Park
58,Flore,Gellier,2002283709,57 Lillian Way
59,Bryn,Edwins,6375943602,58 Old Shore Place
60,Nial,Fearneley,9541127889,79 Haas Alley
61,Sayre,Bellefonte,2611068568,4725 Summer Ridge Point
62,Cosimo,Shorten,6885168675,4 Meadow Valley Way
63,Marjorie,Philippault,4187671576,0 Bunting Terrace
64,Lily,Pinard,9396500561,015 Novick Plaza
65,Thain,Mallabon,9889841421,46321 Brentwood Pass
66,Ginni,Cicculi,7479859123,873 Hoepker Trail
67,Ossie,Doran,4865556280,3 Graedel Trail
68,Reynold,Grady,1771876591,542 Canary Plaza
69,Mata,Abbatt,2879180369,53366 Leroy Terrace
70,Bibbye,Tejero,8303555923,35922 Pankratz Center
71,Mirabel,Jukubczak,7756751624,1241 Vidon Avenue
72,Ignazio,Stoddard,8874624194,92 Nova Hill
73,Farand,Dawbery,7811198701,7 Fulton Street
74,Gaynor,Diggins,1445096625,349 Havey Terrace
75,Baron,Westmacott,1817813284,23 Comanche Center
76,Sashenka,Bidwell,5801253648,308 Shoshone Pass
77,Alessandra,Bartolini,4969869912,8 Montana Alley
78,Korney,Landrieu,5666018695,01 Bobwhite Court
79,Effie,Stucke,5984928583,40 Arizona Parkway
80,Garrick,Heilds,9247705671,9 Northridge Circle
81,Trenton,McClounan,7522284472,2 Burning Wood Crossing
82,Roxana,O'Rowane,1142862687,6 Fordem Crossing
83,Con,Cardus,2899051755,1 Johnson Court
84,Mabelle,Parman,2029348884,7 Stephen Trail
85,Myrtle,Betho,1425699213,67576 Autumn Leaf Road
86,Martyn,Saladin,6473377871,9899 Browning Drive
87,Melinde,Yoakley,1806319944,1365 Comanche Point
88,Yvette,Colvin,4243336829,3 Rusk Pass
89,Cart,Chadwin,8389778608,65 Mesta Way
90,Benny,Ropert,8693179189,16 Summit Court
91,Ardis,Tyhurst,2636147732,6 Corry Plaza
92,Rad,Ruspine,9343645240,0818 Mifflin Road
93,Giff,Langsdon,5379826032,4 Gale Court
94,Claudell,Andrea,7916450241,27 High Crossing Crossing
95,Allianora,Togher,7729808203,6032 Mifflin Center
96,Desmond,Jirusek,1432334392,00 Golf View Lane
97,Carmon,Goddert.sf,2048909927,11790 Dahle Avenue
98,Sacha,Klouz,1325011056,2 Waubesa Road
99,Lorenza,Bramhill,1857066888,2 Declaration Pass
100,Patin,Huntington,3502008842,814 Doe Crossing Place
101,FisrtName,LastName,101010,StreetName
